Protocollo;Gruppo;DataOraIncidente;Localizzazione1;STRADA1;Localizzazione2;STRADA2;Strada02;Chilometrica;DaSpecificare;NaturaIncidente;particolaritastrade;TipoStrada;FondoStradale;Pavimentazione;Segnaletica;CondizioneAtmosferica;Traffico;Visibilita;Illuminazione;NUM_FERITI;NUM_RISERVATA;NUM_MORTI;NUM_ILLESI;Longitudine;Latitudine;Confermato;Progressivo;TipoVeicolo;StatoVeicolo;TipoPersona;Sesso;Tipolesione;Deceduto;DecedutoDopo;CinturaCascoUtilizzato;Airbag
1838110;1;11/05/2010 07:00;Strada Urbana;VIALE MANZONI;all'intersezione con;VIA GIOVANNI GIOLITTI;VIA GIOVANNI GIOLITTI;;;Scontro laterale fra veicoli in marcia;Incrocio;Una carreggiata a senso unico di marcia;Bagnato (pioggia);Asfaltata;Verticale ed orizzontale;Pioggia in atto;Normale;Buona;Ore Diurne;0;0;0;2;;;-1;2;Autovettura privata;In marcia / fermata / arresto;Conducente;M;Illeso;0;;Utilizzato;Inesploso
1838111;1;11/05/2010 14:20;Strada Urbana;PIAZZALE OSTIENSE;in corrispondenza;;del civico n. ;6;;Veicolo in marcia contro veicolo arresto;Curva a visuale libera;Una carreggiata a senso unico di marcia;Asciutto;Asfaltata;Verticale ed orizzontale;Nuvoloso;Normale;Buona;Ore Diurne;0;0;0;5;;;-1;1;Autovettura privata;In marcia / fermata / arresto;Conducente;M;Illeso;0;;Non accertato;Inesistente
1838111;1;11/05/2010 14:20;Strada Urbana;PIAZZALE OSTIENSE;in corrispondenza;;del civico n. ;6;;Veicolo in marcia contro veicolo arresto;Curva a visuale libera;Una carreggiata a senso unico di marcia;Asciutto;Asfaltata;Verticale ed orizzontale;Nuvoloso;Normale;Buona;Ore Diurne;0;0;0;5;;;-1;1;Autovettura privata;In marcia / fermata / arresto;Passeggero;F;Illeso;0;;Non accertato;Inesistente
1838111;1;11/05/2010 14:20;Strada Urbana;PIAZZALE OSTIENSE;in corrispondenza;;del civico n. ;6;;Veicolo in marcia contro veicolo arresto;Curva a visuale libera;Una carreggiata a senso unico di marcia;Asciutto;Asfaltata;Verticale ed orizzontale;Nuvoloso;Normale;Buona;Ore Diurne;0;0;0;5;;;-1;1;Autovettura privata;In marcia / fermata / arresto;Passeggero;M;Illeso;0;;Non accertato;Inesistente
1838111;1;11/05/2010 14:20;Strada Urbana;PIAZZALE OSTIENSE;in corrispondenza;;del civico n. ;6;;Veicolo in marcia contro veicolo arresto;Curva a visuale libera;Una carreggiata a senso unico di marcia;Asciutto;Asfaltata;Verticale ed orizzontale;Nuvoloso;Normale;Buona;Ore Diurne;0;0;0;5;;;-1;2;Autovettura privata;In marcia / fermata / arresto;Conducente;F;Illeso;0;;Non accertato;Inesistente
1838111;1;11/05/2010 14:20;Strada Urbana;PIAZZALE OSTIENSE;in corrispondenza;;del civico n. ;6;;Veicolo in marcia contro veicolo arresto;Curva a visuale libera;Una carreggiata a senso unico di marcia;Asciutto;Asfaltata;Verticale ed orizzontale;Nuvoloso;Normale;Buona;Ore Diurne;0;0;0;5;;;-1;2;Autovettura privata;In marcia / fermata / arresto;Passeggero;M;Illeso;0;;Non accertato;Inesistente
1838112;1;11/05/2010 16:25;Strada Urbana;VIA VICENZA;in corrispondenza;;del civico n. ;29;;Scontro laterale fra veicoli in marcia;Rettilineo;Una carreggiata a senso unico di marcia;Asciutto;Asfaltata;Verticale ed orizzontale;Sereno;Scarso;Buona;Sufficiente;0;0;0;1;;;-1;2;Autovettura privata;In marcia / fermata / arresto;Conducente;M;Illeso;0;;Non accertato;Inesistente
1838113;1;11/05/2010 17:00;Strada Urbana;VIA DELLA RENELLA;in corrispondenza;;del palo luce n. ;4;;Veicolo in marcia contro veicolo in sosta;Rettilineo;Una carreggiata a senso unico di marcia;Asciutto;Asfaltata;Verticale ed orizzontale;Nuvoloso;Scarso;Buona;Ore Diurne;0;0;0;1;;;-1;2;Autovettura privata;In marcia / fermata / arresto;Conducente;F;Illeso;0;;Non accertato;Inesistente
1838114;1;12/05/2010 10:04;Strada Urbana;LARGO DI S. SUSANNA;in prossimità;;del civico n. ;122;;Scontro laterale fra veicoli in marcia;Rettilineo;Due carreggiate;Asciutto;Asfaltata;Verticale ed orizzontale;Sereno;Intenso;Buona;Ore Diurne;0;0;0;2;;;-1;1;Autovettura di polizia;In marcia / fermata / arresto;Conducente;M;Illeso;0;;Non accertato;Inesistente
1838114;1;12/05/2010 10:04;Strada Urbana;LARGO DI S. SUSANNA;in prossimità;;del civico n. ;122;;Scontro laterale fra veicoli in marcia;Rettilineo;Due carreggiate;Asciutto;Asfaltata;Verticale ed orizzontale;Sereno;Intenso;Buona;Ore Diurne;0;0;0;2;;;-1;2;Autovettura privata;In marcia / fermata / arresto;Conducente;M;Illeso;0;;Non accertato;Inesistente
1838115;1;15/05/2010 20:00;Strada Urbana;VIA IN MIRANDA;in prossimità;;del civico n. ;7;;Veicolo in marcia contro veicoli in sosta;Rettilineo;Una carreggiata a doppio senso;Bagnato (pioggia);In cubetti di porfido;Verticale;Pioggia in atto;Scarso;Buona;Ore Diurne;1;0;0;1;;;-1;1;Autovettura privata;In marcia / fermata / arresto;Conducente;M;Ricoverato;0;NON DECEDUTO;Non accertato;Inesistente
1838115;1;15/05/2010 20:00;Strada Urbana;VIA IN MIRANDA;in prossimità;;del civico n. ;7;;Veicolo in marcia contro veicoli in sosta;Rettilineo;Una carreggiata a doppio senso;Bagnato (pioggia);In cubetti di porfido;Verticale;Pioggia in atto;Scarso;Buona;Ore Diurne;1;0;0;1;;;-1;2;Autovettura privata;Sosta;Passeggero;F;Illeso;0;;Non accertato;Inesistente
1838116;10;15/05/2010 16:00;Strada Urbana;VIA ANAGNINA;da specificare;;;;alt. VIA CASALE DI GREGNA;Fuoriuscita dalla sede stradale;Rettilineo;Due carreggiate;Bagnato (pioggia);Asfaltata;Orizzontale;Pioggia in atto;Normale;Buona;Ore Diurne;1;0;0;0;;;-1;1;Autovettura privata;In marcia / fermata / arresto;Conducente;M;Rimandato;0;NON DECEDUTO;Non accertato;Inesistente
1838117;10;17/05/2010 08:45;Strada Urbana;VIA DI VERMICINO;in prossimità;;del civico n. ;568;;Scontro frontale/laterale SX fra veicoli in marcia;Rettilineo;Una carreggiata a doppio senso;Bagnato (pioggia);Asfaltata;Orizzontale;Nuvoloso;Intenso;Buona;Ore Diurne;1;0;0;1;;;-1;1;Autovettura privata;In marcia / fermata / arresto;Conducente;M;Illeso;0;;Non accertato;Inesploso
1838117;10;17/05/2010 08:45;Strada Urbana;VIA DI VERMICINO;in prossimità;;del civico n. ;568;;Scontro frontale/laterale SX fra veicoli in marcia;Rettilineo;Una carreggiata a doppio senso;Bagnato (pioggia);Asfaltata;Orizzontale;Nuvoloso;Intenso;Buona;Ore Diurne;1;0;0;1;;;-1;2;Motociclo a solo;In marcia / fermata / arresto;Conducente;M;Rifiuta cure immediate;0;NON DECEDUTO;Non accertato;Inesistente
1838118;10;17/05/2010 16:05;Statale;VIA ANAGNINA;in prossimità;;del civico n. ;300;;Scontro frontale/laterale DX fra veicoli in marcia;Curva a visuale libera;Due carreggiate;Asciutto;Asfaltata;Orizzontale;Nuvoloso;Normale;Buona;Ore Diurne;0;0;0;1;;;-1;1;Autovettura privata;In marcia / fermata / arresto;Conducente;F;Illeso;0;;Non accertato;Inesistente
1838119;10;17/05/2010 16:15;Strada Urbana;VIALE ANTONIO CIAMARRA;in prossimità;;del civico n. ;80;;Tamponamento;Rettilineo;Una carreggiata a senso unico di marcia;Asciutto;Asfaltata;Verticale ed orizzontale;Nuvoloso;Normale;Sufficiente;Ore Diurne;0;0;0;3;;;-1;1;Autovettura privata;In marcia / fermata / arresto;Conducente;F;Illeso;0;;Non accertato;Inesistente
1838119;10;17/05/2010 16:15;Strada Urbana;VIALE ANTONIO CIAMARRA;in prossimità;;del civico n. ;80;;Tamponamento;Rettilineo;Una carreggiata a senso unico di marcia;Asciutto;Asfaltata;Verticale ed orizzontale;Nuvoloso;Normale;Sufficiente;Ore Diurne;0;0;0;3;;;-1;2;Autovettura privata;In marcia / fermata / arresto;Conducente;F;Illeso;0;;Non accertato;Inesistente
1838119;10;17/05/2010 16:15;Strada Urbana;VIALE ANTONIO CIAMARRA;in prossimità;;del civico n. ;80;;Tamponamento;Rettilineo;Una carreggiata a senso unico di marcia;Asciutto;Asfaltata;Verticale ed orizzontale;Nuvoloso;Normale;Sufficiente;Ore Diurne;0;0;0;3;;;-1;3;Autovettura privata;In marcia / fermata / arresto;Conducente;F;Illeso;0;;Non accertato;Inesistente
1838120;10;17/05/2010 16:45;Strada Urbana;VIA GASPERINA;in corrispondenza;;del civico n. ;203;;Investimento di pedone;Rettilineo;Una carreggiata a doppio senso;Asciutto;Asfaltata;Verticale ed orizzontale;Nuvoloso;Normale;Buona;Ore Diurne;1;0;0;2;;;-1;;;;Pedone;M;Rimandato;0;NON DECEDUTO;;
1838120;10;17/05/2010 16:45;Strada Urbana;VIA GASPERINA;in corrispondenza;;del civico n. ;203;;Investimento di pedone;Rettilineo;Una carreggiata a doppio senso;Asciutto;Asfaltata;Verticale ed orizzontale;Nuvoloso;Normale;Buona;Ore Diurne;1;0;0;2;;;-1;1;Autovettura privata;In marcia / fermata / arresto;Conducente;M;Illeso;0;;Non accertato;Inesploso
1838120;10;17/05/2010 16:45;Strada Urbana;VIA GASPERINA;in corrispondenza;;del civico n. ;203;;Investimento di pedone;Rettilineo;Una carreggiata a doppio senso;Asciutto;Asfaltata;Verticale ed orizzontale;Nuvoloso;Normale;Buona;Ore Diurne;1;0;0;2;;;-1;1;Autovettura privata;In marcia / fermata / arresto;Passeggero;F;Illeso;0;;Non accertato;Inesploso
1838124;11;09/05/2010 12:20;Comunale extraurbana;VIA DI TORRICOLA;da specificare;;;;150 METRI DOPO VIA APPIA ANTICA;Infortunio per caduta del veicolo;Rettilineo;Una carreggiata a doppio senso;Asciutto;Asfaltata;Orizzontale;Sereno;Scarso;Buona;Ore Diurne;0;0;0;1;;;-1;1;Motociclo a solo;In marcia / fermata / arresto;Conducente;M;Illeso;0;;Non accertato;Inesistente
1838125;11;09/05/2010 16:00;Strada Urbana;VIA OSTIENSE;all'intersezione semaforizzata con;LUNGOTEVERE DI S. PAOLO;LUNGOTEVERE DI S. PAOLO;;;Tamponamento;Intersezione semaforizzata;Più di due carreggiate;Asciutto;Asfaltata;Verticale ed orizzontale;Sereno;Normale;Buona;Ore Diurne;0;0;0;6;;;-1;1;Autovettura privata;In marcia / fermata / arresto;Conducente;M;Illeso;0;;Non accertato;Inesploso
1838125;11;09/05/2010 16:00;Strada Urbana;VIA OSTIENSE;all'intersezione semaforizzata con;LUNGOTEVERE DI S. PAOLO;LUNGOTEVERE DI S. PAOLO;;;Tamponamento;Intersezione semaforizzata;Più di due carreggiate;Asciutto;Asfaltata;Verticale ed orizzontale;Sereno;Normale;Buona;Ore Diurne;0;0;0;6;;;-1;1;Autovettura privata;In marcia / fermata / arresto;Passeggero;F;Illeso;0;;Non accertato;Inesploso
1838125;11;09/05/2010 16:00;Strada Urbana;VIA OSTIENSE;all'intersezione semaforizzata con;LUNGOTEVERE DI S. PAOLO;LUNGOTEVERE DI S. PAOLO;;;Tamponamento;Intersezione semaforizzata;Più di due carreggiate;Asciutto;Asfaltata;Verticale ed orizzontale;Sereno;Normale;Buona;Ore Diurne;0;0;0;6;;;-1;1;Autovettura privata;In marcia / fermata / arresto;Passeggero;F;Illeso;0;;Non accertato;Inesploso
1838125;11;09/05/2010 16:00;Strada Urbana;VIA OSTIENSE;all'intersezione semaforizzata con;LUNGOTEVERE DI S. PAOLO;LUNGOTEVERE DI S. PAOLO;;;Tamponamento;Intersezione semaforizzata;Più di due carreggiate;Asciutto;Asfaltata;Verticale ed orizzontale;Sereno;Normale;Buona;Ore Diurne;0;0;0;6;;;-1;1;Autovettura privata;In marcia / fermata / arresto;Passeggero;F;Illeso;0;;Non accertato;Inesploso
1838125;11;09/05/2010 16:00;Strada Urbana;VIA OSTIENSE;all'intersezione semaforizzata con;LUNGOTEVERE DI S. PAOLO;LUNGOTEVERE DI S. PAOLO;;;Tamponamento;Intersezione semaforizzata;Più di due carreggiate;Asciutto;Asfaltata;Verticale ed orizzontale;Sereno;Normale;Buona;Ore Diurne;0;0;0;6;;;-1;2;Motociclo a solo;In marcia / fermata / arresto;Conducente;M;Illeso;0;;Non accertato;Inesistente
1838125;11;09/05/2010 16:00;Strada Urbana;VIA OSTIENSE;all'intersezione semaforizzata con;LUNGOTEVERE DI S. PAOLO;LUNGOTEVERE DI S. PAOLO;;;Tamponamento;Intersezione semaforizzata;Più di due carreggiate;Asciutto;Asfaltata;Verticale ed orizzontale;Sereno;Normale;Buona;Ore Diurne;0;0;0;6;;;-1;2;Motociclo a solo;In marcia / fermata / arresto;Passeggero;F;Illeso;0;;Non accertato;Inesistente
1838126;11;17/05/2010 14:30;Strada Urbana;VIA OSTIENSE;all'intersezione semaforizzata con;VIA DEL PORTO FLUVIALE;VIA DEL PORTO FLUVIALE;;;Veicolo in marcia contro veicoli in sosta;Intersezione semaforizzata;Più di due carreggiate;Bagnato (pioggia);Asfaltata;Verticale ed orizzontale;Nuvoloso;Normale;Buona;Ore Diurne;0;0;0;2;;;-1;1;Autovettura privata;In marcia / fermata / arresto;Conducente;M;Illeso;0;;Utilizzato;Inesistente
1838126;11;17/05/2010 14:30;Strada Urbana;VIA OSTIENSE;all'intersezione semaforizzata con;VIA DEL PORTO FLUVIALE;VIA DEL PORTO FLUVIALE;;;Veicolo in marcia contro veicoli in sosta;Intersezione semaforizzata;Più di due carreggiate;Bagnato (pioggia);Asfaltata;Verticale ed orizzontale;Nuvoloso;Normale;Buona;Ore Diurne;0;0;0;2;;;-1;2;Motociclo a solo;In marcia / fermata / arresto;Conducente;M;Illeso;0;;Utilizzato;Inesistente
1838127;12;14/05/2010 17:20;Strada Urbana;VIADOTTO DELLA MAGLIANA;da specificare;;;;100 mt prima di via del Cappellaccio;Scontro frontale/laterale DX fra veicoli in marcia;Rettilineo;Due carreggiate;Bagnato (pioggia);Asfaltata;Verticale ed orizzontale;Nuvoloso;Normale;Buona;Ore Diurne;1;0;0;6;;;-1;1;Autovettura privata;In marcia / fermata / arresto;Conducente;F;Illeso;0;;Utilizzato;Inesistente
1838127;12;14/05/2010 17:20;Strada Urbana;VIADOTTO DELLA MAGLIANA;da specificare;;;;100 mt prima di via del Cappellaccio;Scontro frontale/laterale DX fra veicoli in marcia;Rettilineo;Due carreggiate;Bagnato (pioggia);Asfaltata;Verticale ed orizzontale;Nuvoloso;Normale;Buona;Ore Diurne;1;0;0;6;;;-1;1;Autovettura privata;In marcia / fermata / arresto;Passeggero;M;Illeso;0;;Utilizzato;Inesploso
1838127;12;14/05/2010 17:20;Strada Urbana;VIADOTTO DELLA MAGLIANA;da specificare;;;;100 mt prima di via del Cappellaccio;Scontro frontale/laterale DX fra veicoli in marcia;Rettilineo;Due carreggiate;Bagnato (pioggia);Asfaltata;Verticale ed orizzontale;Nuvoloso;Normale;Buona;Ore Diurne;1;0;0;6;;;-1;1;Autovettura privata;In marcia / fermata / arresto;Passeggero;F;Illeso;0;;Utilizzato;Inesploso
1838127;12;14/05/2010 17:20;Strada Urbana;VIADOTTO DELLA MAGLIANA;da specificare;;;;100 mt prima di via del Cappellaccio;Scontro frontale/laterale DX fra veicoli in marcia;Rettilineo;Due carreggiate;Bagnato (pioggia);Asfaltata;Verticale ed orizzontale;Nuvoloso;Normale;Buona;Ore Diurne;1;0;0;6;;;-1;1;Autovettura privata;In marcia / fermata / arresto;Passeggero;M;Rimandato;0;NON DECEDUTO;Utilizzato;Inesploso
1838127;12;14/05/2010 17:20;Strada Urbana;VIADOTTO DELLA MAGLIANA;da specificare;;;;100 mt prima di via del Cappellaccio;Scontro frontale/laterale DX fra veicoli in marcia;Rettilineo;Due carreggiate;Bagnato (pioggia);Asfaltata;Verticale ed orizzontale;Nuvoloso;Normale;Buona;Ore Diurne;1;0;0;6;;;-1;2;Autovettura privata;In marcia / fermata / arresto;Conducente;F;Illeso;0;;Utilizzato;Inesistente
1838127;12;14/05/2010 17:20;Strada Urbana;VIADOTTO DELLA MAGLIANA;da specificare;;;;100 mt prima di via del Cappellaccio;Scontro frontale/laterale DX fra veicoli in marcia;Rettilineo;Due carreggiate;Bagnato (pioggia);Asfaltata;Verticale ed orizzontale;Nuvoloso;Normale;Buona;Ore Diurne;1;0;0;6;;;-1;2;Autovettura privata;In marcia / fermata / arresto;Passeggero;F;Illeso;0;;Utilizzato;Inesploso
1838127;12;14/05/2010 17:20;Strada Urbana;VIADOTTO DELLA MAGLIANA;da specificare;;;;100 mt prima di via del Cappellaccio;Scontro frontale/laterale DX fra veicoli in marcia;Rettilineo;Due carreggiate;Bagnato (pioggia);Asfaltata;Verticale ed orizzontale;Nuvoloso;Normale;Buona;Ore Diurne;1;0;0;6;;;-1;2;Autovettura privata;In marcia / fermata / arresto;Passeggero;M;Illeso;0;;Utilizzato;Inesistente
1838128;12;15/05/2010 15:15;Statale;VIA PONTINA;in prossimità;;della chilometrica ;11,9;;Fuoriuscita dalla sede stradale;Rettilineo;Due carreggiate;Bagnato (pioggia);Asfaltata;Verticale ed orizzontale;Pioggia in atto;Intenso;Sufficiente;Ore Diurne;1;0;0;1;;;-1;1;Autovettura privata;In marcia / fermata / arresto;Conducente;M;Rimandato;0;NON DECEDUTO;Utilizzato;Inesistente
1838128;12;15/05/2010 15:15;Statale;VIA PONTINA;in prossimità;;della chilometrica ;11,9;;Fuoriuscita dalla sede stradale;Rettilineo;Due carreggiate;Bagnato (pioggia);Asfaltata;Verticale ed orizzontale;Pioggia in atto;Intenso;Sufficiente;Ore Diurne;1;0;0;1;;;-1;2;Autovettura privata;In marcia / fermata / arresto;Conducente;M;Illeso;0;;Utilizzato;Inesistente
1838129;12;15/05/2010 16:00;Strada Urbana;VIALE CITTA' D'EUROPA;in prossimità;;del civico n. ;841;;Scontro frontale/laterale DX fra veicoli in marcia;Rettilineo;Una carreggiata a doppio senso;Bagnato (pioggia);Asfaltata;Verticale ed orizzontale;Pioggia in atto;Scarso;Sufficiente;Ore Diurne;0;0;0;2;;;-1;1;Autovettura privata;In marcia / fermata / arresto;Conducente;M;Illeso;0;;Utilizzato;Inesistente
1838129;12;15/05/2010 16:00;Strada Urbana;VIALE CITTA' D'EUROPA;in prossimità;;del civico n. ;841;;Scontro frontale/laterale DX fra veicoli in marcia;Rettilineo;Una carreggiata a doppio senso;Bagnato (pioggia);Asfaltata;Verticale ed orizzontale;Pioggia in atto;Scarso;Sufficiente;Ore Diurne;0;0;0;2;;;-1;2;Autocarro inferiore 35 q.;In marcia / fermata / arresto;Conducente;M;Illeso;0;;Utilizzato;Inesistente
1838130;12;15/05/2010 16:20;Strada Urbana;VIA CRISTOFORO COLOMBO;da specificare;;;;altezza sottovia via Marconi;Fuoriuscita dalla sede stradale;Curva a visuale libera;Due carreggiate;Bagnato (pioggia);Asfaltata;Verticale ed orizzontale;Pioggia in atto;Normale;Buona;Sufficiente;0;0;0;1;;;-1;1;Autovettura privata;In marcia / fermata / arresto;Conducente;M;Illeso;0;;Non accertato;Inesistente
1838131;12;15/05/2010 18:15;Strada Urbana;VIA CRISTOFORO COLOMBO;da specificare;;;;dir. Eur alt. Sheraton;Veicolo in marcia contro ostacolo fisso;Curva a visuale libera;Più di due carreggiate;Bagnato (pioggia);Asfaltata;Verticale ed orizzontale;Pioggia in atto;Normale;Buona;Ore Diurne;0;0;0;2;;;-1;1;Autovettura privata;In marcia / fermata / arresto;Conducente;M;Illeso;0;;Utilizzato;Inesistente
1838131;12;15/05/2010 18:15;Strada Urbana;VIA CRISTOFORO COLOMBO;da specificare;;;;dir. Eur alt. Sheraton;Veicolo in marcia contro ostacolo fisso;Curva a visuale libera;Più di due carreggiate;Bagnato (pioggia);Asfaltata;Verticale ed orizzontale;Pioggia in atto;Normale;Buona;Ore Diurne;0;0;0;2;;;-1;1;Autovettura privata;In marcia / fermata / arresto;Passeggero;F;Illeso;0;;Utilizzato;Inesistente
1838132;12;15/05/2010 18:30;Strada Urbana;VIA CRISTOFORO COLOMBO;da specificare;;;;laterale direzione Roma;Veicolo in marcia contro ostacolo fisso;Curva a visuale libera;Più di due carreggiate;Viscido da liquidi oleosi;Asfaltata;Verticale ed orizzontale;Pioggia in atto;Normale;Sufficiente;Ore Diurne;2;0;0;0;;;-1;1;Autovettura privata;In marcia / fermata / arresto;Conducente;M;Rimandato;0;NON DECEDUTO;Utilizzato;Inesistente
1838132;12;15/05/2010 18:30;Strada Urbana;VIA CRISTOFORO COLOMBO;da specificare;;;;laterale direzione Roma;Veicolo in marcia contro ostacolo fisso;Curva a visuale libera;Più di due carreggiate;Viscido da liquidi oleosi;Asfaltata;Verticale ed orizzontale;Pioggia in atto;Normale;Sufficiente;Ore Diurne;2;0;0;0;;;-1;1;Autovettura privata;In marcia / fermata / arresto;Passeggero;F;Rimandato;0;NON DECEDUTO;Utilizzato;Inesploso
1838133;12;15/05/2010 21:30;Strada Urbana;VIA CRISTOFORO COLOMBO;da specificare;;;;dir. GRA altezza LARGO GIUSEPPE PELLA;Ribaltamento senza urto contro ostacolo fisso;Curva a visuale libera;Più di due carreggiate;Bagnato (pioggia);Asfaltata;Verticale ed orizzontale;Pioggia in atto;Normale;Sufficiente;Sufficiente;0;0;0;2;;;-1;1;Autovettura privata;In marcia / fermata / arresto;Conducente;M;Illeso;0;;Utilizzato;Inesistente
1838133;12;15/05/2010 21:30;Strada Urbana;VIA CRISTOFORO COLOMBO;da specificare;;;;dir. GRA altezza LARGO GIUSEPPE PELLA;Ribaltamento senza urto contro ostacolo fisso;Curva a visuale libera;Più di due carreggiate;Bagnato (pioggia);Asfaltata;Verticale ed orizzontale;Pioggia in atto;Normale;Sufficiente;Sufficiente;0;0;0;2;;;-1;1;Autovettura privata;In marcia / fermata / arresto;Passeggero;M;Illeso;0;;Utilizzato;Inesistente
1838134;12;16/05/2010 00:25;Strada Urbana;VIA CRISTOFORO COLOMBO;da specificare;;;;prossimità viale Europa;Investimento di pedone;Rettilineo;Due carreggiate;Bagnato (pioggia);Asfaltata;Verticale ed orizzontale;Pioggia in atto;Scarso;Sufficiente;Sufficiente;0;0;0;2;;;-1;;;;Pedone;M;Illeso;0;;;
1838134;12;16/05/2010 00:25;Strada Urbana;VIA CRISTOFORO COLOMBO;da specificare;;;;prossimità viale Europa;Investimento di pedone;Rettilineo;Due carreggiate;Bagnato (pioggia);Asfaltata;Verticale ed orizzontale;Pioggia in atto;Scarso;Sufficiente;Sufficiente;0;0;0;2;;;-1;1;Motociclo a solo;In marcia / fermata / arresto;Conducente;F;Illeso;0;;Utilizzato;Inesistente
1838135;12;16/05/2010 00:30;Strada Urbana;PIAZZA DEI CADUTI SUL LAVORO;in prossimità;;del palo luce n. ;12;;Veicolo in marcia contro ostacolo fisso;Rettilineo;Due carreggiate;Bagnato (pioggia);Asfaltata;Verticale ed orizzontale;Pioggia in atto;Scarso;Sufficiente;Sufficiente;0;0;0;1;;;-1;1;Autovettura privata;In marcia / fermata / arresto;Conducente;M;Illeso;0;;Utilizzato;Inesistente
1838136;12;16/05/2010 07:20;Strada Urbana;VIA GIOVANNI CANESTRINI;in prossimità;;del civico n. ;84;;Veicolo in marcia contro ostacolo accidentale;Rettilineo;Una carreggiata a doppio senso;Bagnato (pioggia);Strada pavimentata dissestata;Assente;Pioggia in atto;Scarso;Buona;Ore Diurne;0;0;0;1;;;-1;1;Autovettura privata;In marcia / fermata / arresto;Conducente;M;Illeso;0;;Utilizzato;Inesistente
1838137;12;16/05/2010 07:30;Statale;VIA PONTINA;in prossimità;;della chilometrica ;18;;Veicolo in marcia contro ostacolo accidentale;Curva a visuale libera;Due carreggiate;Bagnato (pioggia);Asfaltata;Verticale ed orizzontale;Pioggia in atto;Scarso;Buona;Ore Diurne;0;0;0;1;;;-1;1;Autovettura privata;In marcia / fermata / arresto;Conducente;M;Illeso;0;;Utilizzato;Inesistente
1838138;12;16/05/2010 10:30;Strada Urbana;VIALE SS. PIETRO E PAOLO;in corrispondenza;;del civico n. ;21;;Investimento di pedone;Rettilineo;Più di due carreggiate;Bagnato (pioggia);Asfaltata;Verticale ed orizzontale;Nuvoloso;Scarso;Buona;Ore Diurne;1;0;0;1;;;-1;;;;Pedone;M;Rimandato;0;NON DECEDUTO;;
1838138;12;16/05/2010 10:30;Strada Urbana;VIALE SS. PIETRO E PAOLO;in corrispondenza;;del civico n. ;21;;Investimento di pedone;Rettilineo;Più di due carreggiate;Bagnato (pioggia);Asfaltata;Verticale ed orizzontale;Nuvoloso;Scarso;Buona;Ore Diurne;1;0;0;1;;;-1;1;Autovettura privata;In marcia / fermata / arresto;Conducente;M;Illeso;0;;Utilizzato;Inesistente
1838139;12;16/05/2010 11:50;Provinciale entro l'abitato;VIA ARDEATINA;all'intersezione con;VIA DI FIORANELLO;VIA DI FIORANELLO;;;Veicolo in marcia contro ostacolo accidentale;Incrocio;Una carreggiata a doppio senso;Bagnato (pioggia);Asfaltata;Verticale ed orizzontale;Nuvoloso;Normale;Buona;Ore Diurne;0;0;0;2;;;-1;1;Autovettura privata;In marcia / fermata / arresto;Conducente;M;Illeso;0;;Utilizzato;Inesistente
1838139;12;16/05/2010 11:50;Provinciale entro l'abitato;VIA ARDEATINA;all'intersezione con;VIA DI FIORANELLO;VIA DI FIORANELLO;;;Veicolo in marcia contro ostacolo accidentale;Incrocio;Una carreggiata a doppio senso;Bagnato (pioggia);Asfaltata;Verticale ed orizzontale;Nuvoloso;Normale;Buona;Ore Diurne;0;0;0;2;;;-1;1;Autovettura privata;In marcia / fermata / arresto;Passeggero;F;Illeso;0;;Utilizzato;Inesploso
1838140;12;16/05/2010 14:15;Statale;VIA PONTINA;in prossimità;;della chilometrica ;25,3;;Fuoriuscita dalla sede stradale;Curva a visuale libera;Due carreggiate;Asciutto;Asfaltata;Verticale ed orizzontale;Nuvoloso;Scarso;Buona;Ore Diurne;2;0;0;0;;;-1;1;Autovettura privata;In marcia / fermata / arresto;Conducente;M;Rimandato;0;NON DECEDUTO;Utilizzato;Inesistente
1838140;12;16/05/2010 14:15;Statale;VIA PONTINA;in prossimità;;della chilometrica ;25,3;;Fuoriuscita dalla sede stradale;Curva a visuale libera;Due carreggiate;Asciutto;Asfaltata;Verticale ed orizzontale;Nuvoloso;Scarso;Buona;Ore Diurne;2;0;0;0;;;-1;1;Autovettura privata;In marcia / fermata / arresto;Passeggero;F;Rimandato;0;NON DECEDUTO;Utilizzato;Inesistente
1838141;12;16/05/2010 19:00;Provinciale;VIA ARDEATINA;in prossimità;;della chilometrica ;18;;Veicolo in marcia contro ostacolo accidentale;Rettilineo;Una carreggiata a doppio senso;Asciutto;Asfaltata;Verticale ed orizzontale;Nuvoloso;Scarso;Buona;Ore Diurne;0;0;0;2;;;-1;1;Autovettura privata;In marcia / fermata / arresto;Conducente;M;Illeso;0;;Utilizzato;Inesistente
1838141;12;16/05/2010 19:00;Provinciale;VIA ARDEATINA;in prossimità;;della chilometrica ;18;;Veicolo in marcia contro ostacolo accidentale;Rettilineo;Una carreggiata a doppio senso;Asciutto;Asfaltata;Verticale ed orizzontale;Nuvoloso;Scarso;Buona;Ore Diurne;0;0;0;2;;;-1;1;Autovettura privata;In marcia / fermata / arresto;Passeggero;M;Illeso;0;;Utilizzato;Inesistente
1838142;12;16/05/2010 21:45;Statale;VIA PONTINA;da specificare;;;;dir. Pomezia alt. rampa GRA dir. Aurelia;Veicolo in marcia contro ostacolo accidentale;Rettilineo;Una carreggiata a senso unico di marcia;Bagnato (umidità in atto);Con buche;Verticale ed orizzontale;Nuvoloso;Normale;Buona;Sufficiente;0;0;0;1;;;-1;1;Autovettura privata;In marcia / fermata / arresto;Conducente;M;Illeso;0;;Utilizzato;Inesistente