Protocollo;Gruppo;DataOraIncidente;Localizzazione1;STRADA1;Localizzazione2;STRADA2;Strada02;Chilometrica;DaSpecificare;NaturaIncidente;particolaritastrade;TipoStrada;FondoStradale;Pavimentazione;Segnaletica;CondizioneAtmosferica;Traffico;Visibilita;Illuminazione;NUM_FERITI;NUM_RISERVATA;NUM_MORTI;NUM_ILLESI;Longitudine;Latitudine;Confermato;Progressivo;TipoVeicolo;StatoVeicolo;TipoPersona;Sesso;Tipolesione;Deceduto;DecedutoDopo;CinturaCascoUtilizzato;Airbag
1839588;13;30/05/2010 11:00;Strada Urbana;VIA DI MACCHIA PALOCCO;da specificare;;;;pressi VIA  F. VIANELLO;Tamponamento Multiplo;Rettilineo;Una carreggiata a doppio senso;Asciutto;Asfaltata;Orizzontale;Sereno;Normale;Buona;Ore Diurne;1;0;0;2;;;-1;1;Autovettura privata;In marcia / fermata / arresto;Conducente;F;Illeso;0;;Non accertato;Inesploso
1839588;13;30/05/2010 11:00;Strada Urbana;VIA DI MACCHIA PALOCCO;da specificare;;;;pressi VIA  F. VIANELLO;Tamponamento Multiplo;Rettilineo;Una carreggiata a doppio senso;Asciutto;Asfaltata;Orizzontale;Sereno;Normale;Buona;Ore Diurne;1;0;0;2;;;-1;2;Autovettura privata;In marcia / fermata / arresto;Conducente;M;Illeso;0;;Non accertato;Inesploso
1839588;13;30/05/2010 11:00;Strada Urbana;VIA DI MACCHIA PALOCCO;da specificare;;;;pressi VIA  F. VIANELLO;Tamponamento Multiplo;Rettilineo;Una carreggiata a doppio senso;Asciutto;Asfaltata;Orizzontale;Sereno;Normale;Buona;Ore Diurne;1;0;0;2;;;-1;3;Motociclo con passeggero;In marcia / fermata / arresto;Conducente;M;Rifiuta cure immediate;0;NON DECEDUTO;Utilizzato;Inesistente
1839589;13;30/05/2010 11:50;Strada Urbana;VIA LITORANEA;da specificare;;;;confl. corsia imm. da L.mare Vespucci direz. Ostia;Scontro frontale/laterale DX fra veicoli in marcia;Rettilineo;Una carreggiata a senso unico di marcia;Asciutto;Asfaltata;Verticale ed orizzontale;Sereno;Normale;Buona;Ore Diurne;1;0;0;4;;;-1;1;Autovettura privata;In marcia / fermata / arresto;Conducente;M;Illeso;0;;Non accertato;Inesploso
1839589;13;30/05/2010 11:50;Strada Urbana;VIA LITORANEA;da specificare;;;;confl. corsia imm. da L.mare Vespucci direz. Ostia;Scontro frontale/laterale DX fra veicoli in marcia;Rettilineo;Una carreggiata a senso unico di marcia;Asciutto;Asfaltata;Verticale ed orizzontale;Sereno;Normale;Buona;Ore Diurne;1;0;0;4;;;-1;1;Autovettura privata;In marcia / fermata / arresto;Passeggero;F;Illeso;0;;Non accertato;Inesploso
1839589;13;30/05/2010 11:50;Strada Urbana;VIA LITORANEA;da specificare;;;;confl. corsia imm. da L.mare Vespucci direz. Ostia;Scontro frontale/laterale DX fra veicoli in marcia;Rettilineo;Una carreggiata a senso unico di marcia;Asciutto;Asfaltata;Verticale ed orizzontale;Sereno;Normale;Buona;Ore Diurne;1;0;0;4;;;-1;1;Autovettura privata;In marcia / fermata / arresto;Passeggero;M;Illeso;0;;Non accertato;Inesistente
1839589;13;30/05/2010 11:50;Strada Urbana;VIA LITORANEA;da specificare;;;;confl. corsia imm. da L.mare Vespucci direz. Ostia;Scontro frontale/laterale DX fra veicoli in marcia;Rettilineo;Una carreggiata a senso unico di marcia;Asciutto;Asfaltata;Verticale ed orizzontale;Sereno;Normale;Buona;Ore Diurne;1;0;0;4;;;-1;1;Autovettura privata;In marcia / fermata / arresto;Passeggero;M;Illeso;0;;Non accertato;Inesploso
1839589;13;30/05/2010 11:50;Strada Urbana;VIA LITORANEA;da specificare;;;;confl. corsia imm. da L.mare Vespucci direz. Ostia;Scontro frontale/laterale DX fra veicoli in marcia;Rettilineo;Una carreggiata a senso unico di marcia;Asciutto;Asfaltata;Verticale ed orizzontale;Sereno;Normale;Buona;Ore Diurne;1;0;0;4;;;-1;2;Motociclo a solo;In marcia / fermata / arresto;Conducente;M;Rimandato;0;NON DECEDUTO;Non accertato;Inesploso
1839590;13;30/05/2010 12:10;Strada Urbana;VIA LIDO DI CASTEL PORZIANO;in prossimità;;del civico n. ;125;;Tamponamento;Rettilineo;Una carreggiata a doppio senso;Asciutto;Asfaltata;Verticale ed orizzontale;Sereno;Intenso;Buona;Ore Diurne;1;0;0;1;;;-1;1;Autovettura privata;In marcia / fermata / arresto;Conducente;F;Illeso;0;;Non accertato;Inesploso
1839590;13;30/05/2010 12:10;Strada Urbana;VIA LIDO DI CASTEL PORZIANO;in prossimità;;del civico n. ;125;;Tamponamento;Rettilineo;Una carreggiata a doppio senso;Asciutto;Asfaltata;Verticale ed orizzontale;Sereno;Intenso;Buona;Ore Diurne;1;0;0;1;;;-1;2;Ciclomotore;In marcia / fermata / arresto;Conducente;M;Ricoverato;0;NON DECEDUTO;Non accertato;Inesistente
1839591;13;30/05/2010 18:30;Strada Urbana;VIA CARLO DEL GRECO;in corrispondenza;;del civico n. ;65;;Tamponamento;Rettilineo;Due carreggiate;Asciutto;Asfaltata;Assente;Nuvoloso;Scarso;Buona;Ore Diurne;0;0;0;5;;;-1;1;Autovettura privata;In marcia / fermata / arresto;Conducente;F;Illeso;0;;Non accertato;Inesploso
1839591;13;30/05/2010 18:30;Strada Urbana;VIA CARLO DEL GRECO;in corrispondenza;;del civico n. ;65;;Tamponamento;Rettilineo;Due carreggiate;Asciutto;Asfaltata;Assente;Nuvoloso;Scarso;Buona;Ore Diurne;0;0;0;5;;;-1;1;Autovettura privata;In marcia / fermata / arresto;Passeggero;F;Illeso;0;;Non accertato;Inesploso
1839591;13;30/05/2010 18:30;Strada Urbana;VIA CARLO DEL GRECO;in corrispondenza;;del civico n. ;65;;Tamponamento;Rettilineo;Due carreggiate;Asciutto;Asfaltata;Assente;Nuvoloso;Scarso;Buona;Ore Diurne;0;0;0;5;;;-1;2;Autovettura privata;In marcia / fermata / arresto;Conducente;M;Illeso;0;;Non accertato;Inesploso
1839591;13;30/05/2010 18:30;Strada Urbana;VIA CARLO DEL GRECO;in corrispondenza;;del civico n. ;65;;Tamponamento;Rettilineo;Due carreggiate;Asciutto;Asfaltata;Assente;Nuvoloso;Scarso;Buona;Ore Diurne;0;0;0;5;;;-1;2;Autovettura privata;In marcia / fermata / arresto;Passeggero;F;Illeso;0;;Non accertato;Inesploso
1839591;13;30/05/2010 18:30;Strada Urbana;VIA CARLO DEL GRECO;in corrispondenza;;del civico n. ;65;;Tamponamento;Rettilineo;Due carreggiate;Asciutto;Asfaltata;Assente;Nuvoloso;Scarso;Buona;Ore Diurne;0;0;0;5;;;-1;2;Autovettura privata;In marcia / fermata / arresto;Passeggero;M;Illeso;0;;Non accertato;Inesploso
1839592;13;30/05/2010 18:30;Strada Urbana;VIA UMBERTO LILLONI;all'intersezione con;VIA ROBERTO CRIPPA;VIA ROBERTO CRIPPA;;;Scontro frontale/laterale DX fra veicoli in marcia;Incrocio;Una carreggiata a senso unico di marcia;Asciutto;Asfaltata;Verticale ed orizzontale;Nuvoloso;Scarso;Buona;Ore Diurne;1;0;0;3;;;-1;1;Autovettura privata;In marcia / fermata / arresto;Conducente;M;Illeso;0;;Non accertato;Inesploso
1839592;13;30/05/2010 18:30;Strada Urbana;VIA UMBERTO LILLONI;all'intersezione con;VIA ROBERTO CRIPPA;VIA ROBERTO CRIPPA;;;Scontro frontale/laterale DX fra veicoli in marcia;Incrocio;Una carreggiata a senso unico di marcia;Asciutto;Asfaltata;Verticale ed orizzontale;Nuvoloso;Scarso;Buona;Ore Diurne;1;0;0;3;;;-1;1;Autovettura privata;In marcia / fermata / arresto;Passeggero;F;Illeso;0;;Non accertato;Inesploso
1839592;13;30/05/2010 18:30;Strada Urbana;VIA UMBERTO LILLONI;all'intersezione con;VIA ROBERTO CRIPPA;VIA ROBERTO CRIPPA;;;Scontro frontale/laterale DX fra veicoli in marcia;Incrocio;Una carreggiata a senso unico di marcia;Asciutto;Asfaltata;Verticale ed orizzontale;Nuvoloso;Scarso;Buona;Ore Diurne;1;0;0;3;;;-1;2;Autovettura privata;In marcia / fermata / arresto;Conducente;F;Illeso;0;;Non accertato;Inesploso
1839592;13;30/05/2010 18:30;Strada Urbana;VIA UMBERTO LILLONI;all'intersezione con;VIA ROBERTO CRIPPA;VIA ROBERTO CRIPPA;;;Scontro frontale/laterale DX fra veicoli in marcia;Incrocio;Una carreggiata a senso unico di marcia;Asciutto;Asfaltata;Verticale ed orizzontale;Nuvoloso;Scarso;Buona;Ore Diurne;1;0;0;3;;;-1;2;Autovettura privata;In marcia / fermata / arresto;Passeggero;F;Rimandato;0;NON DECEDUTO;Non accertato;Inesistente
1839593;15;29/05/2010 22:30;Strada Urbana;VIA RICCARDO LOMBARDI;all'intersezione con;VIA UGO GUIDO MONDOLFO;VIA UGO GUIDO MONDOLFO;;;Fuoriuscita dalla sede stradale;Intersezione stradale segnalata;Una carreggiata a doppio senso;Asciutto;Asfaltata;Orizzontale;Sereno;Scarso;Buona;Inesistente;0;0;0;1;;;-1;1;Autovettura privata;In marcia / fermata / arresto;Conducente;M;Illeso;0;;Utilizzato;Inesistente
1839594;15;30/05/2010 01:15;Strada Urbana;VIA DELLA MAGLIANA;all'intersezione semaforizzata con;VIA PIAN DUE TORRI;VIA PIAN DUE TORRI;;;Tamponamento;Incrocio;Una carreggiata a doppio senso;Asciutto;Asfaltata;Verticale ed orizzontale;Sereno;Normale;Buona;Sufficiente;2;0;0;1;;;-1;1;Autovettura privata;In marcia / fermata / arresto;Conducente;M;Illeso;0;;Utilizzato;Inesistente
1839594;15;30/05/2010 01:15;Strada Urbana;VIA DELLA MAGLIANA;all'intersezione semaforizzata con;VIA PIAN DUE TORRI;VIA PIAN DUE TORRI;;;Tamponamento;Incrocio;Una carreggiata a doppio senso;Asciutto;Asfaltata;Verticale ed orizzontale;Sereno;Normale;Buona;Sufficiente;2;0;0;1;;;-1;1;Autovettura privata;In marcia / fermata / arresto;Passeggero;M;Rimandato;0;NON DECEDUTO;Utilizzato;Inesistente
1839594;15;30/05/2010 01:15;Strada Urbana;VIA DELLA MAGLIANA;all'intersezione semaforizzata con;VIA PIAN DUE TORRI;VIA PIAN DUE TORRI;;;Tamponamento;Incrocio;Una carreggiata a doppio senso;Asciutto;Asfaltata;Verticale ed orizzontale;Sereno;Normale;Buona;Sufficiente;2;0;0;1;;;-1;2;Motociclo con passeggero;In marcia / fermata / arresto;Conducente;M;Ricoverato;0;NON DECEDUTO;Utilizzato;Inesistente
1839595;15;30/05/2010 04:45;Strada Urbana;PIAZZA ANTONIO MEUCCI;all'intersezione con;LUNGOTEVERE DEGLI INVENTORI;LUNGOTEVERE DEGLI INVENTORI;;;Scontro frontale fra veicoli in marcia;Rotatoria;Una carreggiata a senso unico di marcia;Asciutto;Asfaltata;Orizzontale;Sereno;Scarso;Buona;Sufficiente;2;0;0;2;;;-1;1;Autovettura privata;In marcia / fermata / arresto;Conducente;M;Illeso;0;;Utilizzato;Inesistente
1839595;15;30/05/2010 04:45;Strada Urbana;PIAZZA ANTONIO MEUCCI;all'intersezione con;LUNGOTEVERE DEGLI INVENTORI;LUNGOTEVERE DEGLI INVENTORI;;;Scontro frontale fra veicoli in marcia;Rotatoria;Una carreggiata a senso unico di marcia;Asciutto;Asfaltata;Orizzontale;Sereno;Scarso;Buona;Sufficiente;2;0;0;2;;;-1;1;Autovettura privata;In marcia / fermata / arresto;Passeggero;M;Illeso;0;;Utilizzato;Inesistente
1839595;15;30/05/2010 04:45;Strada Urbana;PIAZZA ANTONIO MEUCCI;all'intersezione con;LUNGOTEVERE DEGLI INVENTORI;LUNGOTEVERE DEGLI INVENTORI;;;Scontro frontale fra veicoli in marcia;Rotatoria;Una carreggiata a senso unico di marcia;Asciutto;Asfaltata;Orizzontale;Sereno;Scarso;Buona;Sufficiente;2;0;0;2;;;-1;2;Autovettura di polizia;In marcia / fermata / arresto;Conducente;M;Rimandato;0;NON DECEDUTO;Utilizzato;Inesistente
1839595;15;30/05/2010 04:45;Strada Urbana;PIAZZA ANTONIO MEUCCI;all'intersezione con;LUNGOTEVERE DEGLI INVENTORI;LUNGOTEVERE DEGLI INVENTORI;;;Scontro frontale fra veicoli in marcia;Rotatoria;Una carreggiata a senso unico di marcia;Asciutto;Asfaltata;Orizzontale;Sereno;Scarso;Buona;Sufficiente;2;0;0;2;;;-1;2;Autovettura di polizia;In marcia / fermata / arresto;Passeggero;M;Rimandato;0;NON DECEDUTO;Utilizzato;Inesistente
1839596;15;30/05/2010 11:00;Strada Urbana;VIA QUIRINO MAJORANA;da specificare;;;;fra i civici 139 e 145;Investimento di pedone;Rettilineo;Due carreggiate;Asciutto;Asfaltata;Verticale ed orizzontale;Sereno;Normale;Buona;Ore Diurne;0;1;0;2;;;-1;;;;Pedone;M;Illeso;0;;;
1839596;15;30/05/2010 11:00;Strada Urbana;VIA QUIRINO MAJORANA;da specificare;;;;fra i civici 139 e 145;Investimento di pedone;Rettilineo;Due carreggiate;Asciutto;Asfaltata;Verticale ed orizzontale;Sereno;Normale;Buona;Ore Diurne;0;1;0;2;;;-1;;;;Pedone;F;Prognosi riservata;0;NON DECEDUTO;;
1839596;15;30/05/2010 11:00;Strada Urbana;VIA QUIRINO MAJORANA;da specificare;;;;fra i civici 139 e 145;Investimento di pedone;Rettilineo;Due carreggiate;Asciutto;Asfaltata;Verticale ed orizzontale;Sereno;Normale;Buona;Ore Diurne;0;1;0;2;;;-1;1;Autovettura privata;In marcia / fermata / arresto;Conducente;F;Illeso;0;;Non accertato;Inesploso
1839602;16;18/05/2010 15:10;Strada Urbana;VIA DEL CASALE LUMBROSO;da specificare;;;;CAVALCAVIA GRA;Scontro frontale/laterale SX fra veicoli in marcia;Cavalcavia;Una carreggiata a doppio senso;Asciutto;Asfaltata;Verticale ed orizzontale;Sereno;Normale;Buona;Ore Diurne;0;0;0;2;;;-1;1;Autovettura privata;In marcia / fermata / arresto;Conducente;M;Illeso;0;;Non accertato;Inesploso
1839602;16;18/05/2010 15:10;Strada Urbana;VIA DEL CASALE LUMBROSO;da specificare;;;;CAVALCAVIA GRA;Scontro frontale/laterale SX fra veicoli in marcia;Cavalcavia;Una carreggiata a doppio senso;Asciutto;Asfaltata;Verticale ed orizzontale;Sereno;Normale;Buona;Ore Diurne;0;0;0;2;;;-1;2;Autovettura privata;In marcia / fermata / arresto;Conducente;M;Illeso;0;;Non accertato;Inesistente
1839603;16;19/05/2010 17:20;Strada Urbana;PIAZZALE EUGENIO MORELLI;in corrispondenza;;del civico n. ;37;;Tamponamento;Rettilineo;Una carreggiata a senso unico di marcia;Bagnato (umidità in atto);Asfaltata;Verticale ed orizzontale;Nuvoloso;Intenso;Buona;Ore Diurne;0;0;0;3;;;-1;1;Autovettura privata;In marcia / fermata / arresto;Conducente;F;Illeso;0;;Non accertato;Inesploso
1839603;16;19/05/2010 17:20;Strada Urbana;PIAZZALE EUGENIO MORELLI;in corrispondenza;;del civico n. ;37;;Tamponamento;Rettilineo;Una carreggiata a senso unico di marcia;Bagnato (umidità in atto);Asfaltata;Verticale ed orizzontale;Nuvoloso;Intenso;Buona;Ore Diurne;0;0;0;3;;;-1;2;Autovettura privata;In marcia / fermata / arresto;Conducente;M;Illeso;0;;Non accertato;Inesploso
1839603;16;19/05/2010 17:20;Strada Urbana;PIAZZALE EUGENIO MORELLI;in corrispondenza;;del civico n. ;37;;Tamponamento;Rettilineo;Una carreggiata a senso unico di marcia;Bagnato (umidità in atto);Asfaltata;Verticale ed orizzontale;Nuvoloso;Intenso;Buona;Ore Diurne;0;0;0;3;;;-1;2;Autovettura privata;In marcia / fermata / arresto;Passeggero;F;Illeso;0;;Non accertato;Inesploso
1839604;18;28/05/2010 03:40;Strada Urbana;VIA NAZARETH;da specificare;;;;in prossimità Via Boccea;Infortunio per caduta del veicolo;Curva senza visuale libera;Una carreggiata a doppio senso;Asciutto;Asfaltata;Verticale ed orizzontale;Sereno;Scarso;Insufficiente;Insufficiente;1;0;0;1;;;-1;1;Motociclo a solo;In marcia / fermata / arresto;Conducente;M;Rifiuta cure immediate;0;NON DECEDUTO;Non accertato;Inesistente
1839604;18;28/05/2010 03:40;Strada Urbana;VIA NAZARETH;da specificare;;;;in prossimità Via Boccea;Infortunio per caduta del veicolo;Curva senza visuale libera;Una carreggiata a doppio senso;Asciutto;Asfaltata;Verticale ed orizzontale;Sereno;Scarso;Insufficiente;Insufficiente;1;0;0;1;;;-1;2;Autocarro inferiore 35 q.;In marcia / fermata / arresto;Conducente;M;Illeso;0;;Non accertato;Inesistente
1839605;18;28/05/2010 09:20;Strada Urbana;VIA LEONE XIII;all'intersezione con;VIA PIO IV;VIA PIO IV;;;Scontro frontale/laterale DX fra veicoli in marcia;Intersezione non regolata/non segnalata;Due carreggiate;Asciutto;Asfaltata;Verticale ed orizzontale;Nuvoloso;Intenso;Buona;Ore Diurne;1;0;0;1;;;-1;1;Motociclo a solo;In marcia / fermata / arresto;Conducente;M;Rimandato;0;NON DECEDUTO;Utilizzato;Inesistente
1839605;18;28/05/2010 09:20;Strada Urbana;VIA LEONE XIII;all'intersezione con;VIA PIO IV;VIA PIO IV;;;Scontro frontale/laterale DX fra veicoli in marcia;Intersezione non regolata/non segnalata;Due carreggiate;Asciutto;Asfaltata;Verticale ed orizzontale;Nuvoloso;Intenso;Buona;Ore Diurne;1;0;0;1;;;-1;2;Autovettura privata;In marcia / fermata / arresto;Conducente;M;Illeso;0;;Utilizzato;Inesploso
1839606;18;28/05/2010 16:20;Strada Urbana;VIA ANASTASIO II;da specificare;;;;altezza l.go Oreste Giorgi;Veicolo in marcia contro ostacolo accidentale;Rettilineo;Due carreggiate;Bagnato (pioggia);Asfaltata;Verticale ed orizzontale;Pioggia in atto;Intenso;Sufficiente;Ore Diurne;1;0;0;0;;;-1;1;Motociclo a solo;In marcia / fermata / arresto;Conducente;M;Rifiuta cure immediate;0;NON DECEDUTO;Utilizzato;Inesistente
1839607;18;28/05/2010 19:45;Strada Urbana;VIA FRACONALTO;in prossimità;;del civico n. ;89;;Scontro frontale/laterale DX fra veicoli in marcia;Rettilineo;Una carreggiata a doppio senso;Bagnato (umidità in atto);Asfaltata;Assente;Nuvoloso;Scarso;Buona;Ore Diurne;1;0;0;1;;;-1;1;Motociclo a solo;In marcia / fermata / arresto;Conducente;M;Rifiuta cure immediate;0;NON DECEDUTO;Non accertato;Inesistente
1839607;18;28/05/2010 19:45;Strada Urbana;VIA FRACONALTO;in prossimità;;del civico n. ;89;;Scontro frontale/laterale DX fra veicoli in marcia;Rettilineo;Una carreggiata a doppio senso;Bagnato (umidità in atto);Asfaltata;Assente;Nuvoloso;Scarso;Buona;Ore Diurne;1;0;0;1;;;-1;2;Autovettura privata;In marcia / fermata / arresto;Conducente;M;Illeso;0;;Non accertato;Inesistente
1839608;18;28/05/2010 23:30;Strada Urbana;VIA GREGORIO VII;all'intersezione con;PIAZZA PIO XI;PIAZZA PIO XI;;;Tamponamento Multiplo;Intersezione semaforizzata;Due carreggiate;Asciutto;Asfaltata;Verticale ed orizzontale;Sereno;Scarso;Sufficiente;Sufficiente;3;0;0;8;;;-1;1;Autovettura privata;In marcia / fermata / arresto;Conducente;M;Illeso;0;;Non accertato;Inesistente
1839608;18;28/05/2010 23:30;Strada Urbana;VIA GREGORIO VII;all'intersezione con;PIAZZA PIO XI;PIAZZA PIO XI;;;Tamponamento Multiplo;Intersezione semaforizzata;Due carreggiate;Asciutto;Asfaltata;Verticale ed orizzontale;Sereno;Scarso;Sufficiente;Sufficiente;3;0;0;8;;;-1;1;Autovettura privata;In marcia / fermata / arresto;Passeggero;M;Illeso;0;;Non accertato;Inesploso
1839608;18;28/05/2010 23:30;Strada Urbana;VIA GREGORIO VII;all'intersezione con;PIAZZA PIO XI;PIAZZA PIO XI;;;Tamponamento Multiplo;Intersezione semaforizzata;Due carreggiate;Asciutto;Asfaltata;Verticale ed orizzontale;Sereno;Scarso;Sufficiente;Sufficiente;3;0;0;8;;;-1;1;Autovettura privata;In marcia / fermata / arresto;Passeggero;M;Illeso;0;;Non accertato;Inesploso
1839608;18;28/05/2010 23:30;Strada Urbana;VIA GREGORIO VII;all'intersezione con;PIAZZA PIO XI;PIAZZA PIO XI;;;Tamponamento Multiplo;Intersezione semaforizzata;Due carreggiate;Asciutto;Asfaltata;Verticale ed orizzontale;Sereno;Scarso;Sufficiente;Sufficiente;3;0;0;8;;;-1;2;Autovettura privata;In marcia / fermata / arresto;Conducente;M;Rifiuta cure immediate;0;NON DECEDUTO;Non accertato;Inesploso
1839608;18;28/05/2010 23:30;Strada Urbana;VIA GREGORIO VII;all'intersezione con;PIAZZA PIO XI;PIAZZA PIO XI;;;Tamponamento Multiplo;Intersezione semaforizzata;Due carreggiate;Asciutto;Asfaltata;Verticale ed orizzontale;Sereno;Scarso;Sufficiente;Sufficiente;3;0;0;8;;;-1;3;Autovettura privata;In marcia / fermata / arresto;Conducente;M;Rifiuta cure immediate;0;NON DECEDUTO;Non accertato;Inesploso
1839608;18;28/05/2010 23:30;Strada Urbana;VIA GREGORIO VII;all'intersezione con;PIAZZA PIO XI;PIAZZA PIO XI;;;Tamponamento Multiplo;Intersezione semaforizzata;Due carreggiate;Asciutto;Asfaltata;Verticale ed orizzontale;Sereno;Scarso;Sufficiente;Sufficiente;3;0;0;8;;;-1;3;Autovettura privata;In marcia / fermata / arresto;Passeggero;M;Rimandato;0;NON DECEDUTO;Non accertato;Inesistente
1839608;18;28/05/2010 23:30;Strada Urbana;VIA GREGORIO VII;all'intersezione con;PIAZZA PIO XI;PIAZZA PIO XI;;;Tamponamento Multiplo;Intersezione semaforizzata;Due carreggiate;Asciutto;Asfaltata;Verticale ed orizzontale;Sereno;Scarso;Sufficiente;Sufficiente;3;0;0;8;;;-1;3;Autovettura privata;In marcia / fermata / arresto;Passeggero;F;Illeso;0;;Non accertato;Inesistente
1839608;18;28/05/2010 23:30;Strada Urbana;VIA GREGORIO VII;all'intersezione con;PIAZZA PIO XI;PIAZZA PIO XI;;;Tamponamento Multiplo;Intersezione semaforizzata;Due carreggiate;Asciutto;Asfaltata;Verticale ed orizzontale;Sereno;Scarso;Sufficiente;Sufficiente;3;0;0;8;;;-1;3;Autovettura privata;In marcia / fermata / arresto;Passeggero;F;Illeso;0;;Non accertato;Inesistente
1839608;18;28/05/2010 23:30;Strada Urbana;VIA GREGORIO VII;all'intersezione con;PIAZZA PIO XI;PIAZZA PIO XI;;;Tamponamento Multiplo;Intersezione semaforizzata;Due carreggiate;Asciutto;Asfaltata;Verticale ed orizzontale;Sereno;Scarso;Sufficiente;Sufficiente;3;0;0;8;;;-1;4;Autovettura privata;In marcia / fermata / arresto;Conducente;M;Illeso;0;;Non accertato;Inesistente
1839608;18;28/05/2010 23:30;Strada Urbana;VIA GREGORIO VII;all'intersezione con;PIAZZA PIO XI;PIAZZA PIO XI;;;Tamponamento Multiplo;Intersezione semaforizzata;Due carreggiate;Asciutto;Asfaltata;Verticale ed orizzontale;Sereno;Scarso;Sufficiente;Sufficiente;3;0;0;8;;;-1;4;Autovettura privata;In marcia / fermata / arresto;Passeggero;F;Illeso;0;;Non accertato;Inesistente
1839609;18;30/05/2010 16:30;Strada Urbana;VIA BALDO DEGLI UBALDI;in prossimità;;del civico n. ;51;;Investimento di pedone;Rettilineo;Due carreggiate;Asciutto;Asfaltata;Verticale ed orizzontale;Sereno;Scarso;Buona;Ore Diurne;2;0;0;0;;;-1;;;;Pedone;F;Rimandato;0;NON DECEDUTO;;
1839609;18;30/05/2010 16:30;Strada Urbana;VIA BALDO DEGLI UBALDI;in prossimità;;del civico n. ;51;;Investimento di pedone;Rettilineo;Due carreggiate;Asciutto;Asfaltata;Verticale ed orizzontale;Sereno;Scarso;Buona;Ore Diurne;2;0;0;0;;;-1;1;Motociclo a solo;In marcia / fermata / arresto;Conducente;M;Rimandato;0;NON DECEDUTO;Utilizzato;Inesistente
1839610;19;28/05/2010 23:00;Strada Urbana;VIA PRISCIANO;in prossimità;;del civico n. ;32;;Tamponamento;Rettilineo;Una carreggiata a doppio senso;Asciutto;Asfaltata;Orizzontale;Sereno;Scarso;Buona;Sufficiente;0;0;0;3;;;-1;1;Autovettura privata;In marcia / fermata / arresto;Conducente;M;Illeso;0;;Non accertato;Inesploso
1839610;19;28/05/2010 23:00;Strada Urbana;VIA PRISCIANO;in prossimità;;del civico n. ;32;;Tamponamento;Rettilineo;Una carreggiata a doppio senso;Asciutto;Asfaltata;Orizzontale;Sereno;Scarso;Buona;Sufficiente;0;0;0;3;;;-1;1;Autovettura privata;In marcia / fermata / arresto;Passeggero;F;Illeso;0;;Non accertato;Inesploso
1839610;19;28/05/2010 23:00;Strada Urbana;VIA PRISCIANO;in prossimità;;del civico n. ;32;;Tamponamento;Rettilineo;Una carreggiata a doppio senso;Asciutto;Asfaltata;Orizzontale;Sereno;Scarso;Buona;Sufficiente;0;0;0;3;;;-1;2;Autovettura privata;In marcia / fermata / arresto;Conducente;M;Illeso;0;;Non accertato;Esploso
1839611;19;29/05/2010 15:50;Strada Urbana;VIA DI S. CLETO PAPA;all'intersezione semaforizzata con;VIA DELLA PINETA SACCHETTI;VIA DELLA PINETA SACCHETTI;;;Tamponamento;Intersezione semaforizzata;Una carreggiata a doppio senso;Asciutto;Asfaltata;Orizzontale;Sereno;Scarso;Buona;Ore Diurne;0;0;0;4;;;-1;1;Autovettura privata;In marcia / fermata / arresto;Conducente;F;Illeso;0;;Non accertato;Inesistente
1839611;19;29/05/2010 15:50;Strada Urbana;VIA DI S. CLETO PAPA;all'intersezione semaforizzata con;VIA DELLA PINETA SACCHETTI;VIA DELLA PINETA SACCHETTI;;;Tamponamento;Intersezione semaforizzata;Una carreggiata a doppio senso;Asciutto;Asfaltata;Orizzontale;Sereno;Scarso;Buona;Ore Diurne;0;0;0;4;;;-1;1;Autovettura privata;In marcia / fermata / arresto;Passeggero;F;Illeso;0;;Non accertato;Inesistente
1839611;19;29/05/2010 15:50;Strada Urbana;VIA DI S. CLETO PAPA;all'intersezione semaforizzata con;VIA DELLA PINETA SACCHETTI;VIA DELLA PINETA SACCHETTI;;;Tamponamento;Intersezione semaforizzata;Una carreggiata a doppio senso;Asciutto;Asfaltata;Orizzontale;Sereno;Scarso;Buona;Ore Diurne;0;0;0;4;;;-1;2;Autovettura privata;In marcia / fermata / arresto;Conducente;M;Illeso;0;;Non accertato;Inesistente
1839611;19;29/05/2010 15:50;Strada Urbana;VIA DI S. CLETO PAPA;all'intersezione semaforizzata con;VIA DELLA PINETA SACCHETTI;VIA DELLA PINETA SACCHETTI;;;Tamponamento;Intersezione semaforizzata;Una carreggiata a doppio senso;Asciutto;Asfaltata;Orizzontale;Sereno;Scarso;Buona;Ore Diurne;0;0;0;4;;;-1;2;Autovettura privata;In marcia / fermata / arresto;Passeggero;F;Illeso;0;;Non accertato;Inesistente
1839612;19;29/05/2010 17:15;Strada Urbana;VIA DELL'ASSUNZIONE;all'intersezione con;PIAZZA CLEMENTE XI;PIAZZA CLEMENTE XI;;;Tamponamento;Incrocio;Una carreggiata a senso unico di marcia;Asciutto;Asfaltata;Verticale ed orizzontale;Sereno;Normale;Buona;Ore Diurne;0;0;0;4;;;-1;1;Autovettura privata;In marcia / fermata / arresto;Conducente;M;Illeso;0;;Non accertato;Inesistente
1839612;19;29/05/2010 17:15;Strada Urbana;VIA DELL'ASSUNZIONE;all'intersezione con;PIAZZA CLEMENTE XI;PIAZZA CLEMENTE XI;;;Tamponamento;Incrocio;Una carreggiata a senso unico di marcia;Asciutto;Asfaltata;Verticale ed orizzontale;Sereno;Normale;Buona;Ore Diurne;0;0;0;4;;;-1;1;Autovettura privata;In marcia / fermata / arresto;Passeggero;F;Illeso;0;;Non accertato;Inesistente
1839612;19;29/05/2010 17:15;Strada Urbana;VIA DELL'ASSUNZIONE;all'intersezione con;PIAZZA CLEMENTE XI;PIAZZA CLEMENTE XI;;;Tamponamento;Incrocio;Una carreggiata a senso unico di marcia;Asciutto;Asfaltata;Verticale ed orizzontale;Sereno;Normale;Buona;Ore Diurne;0;0;0;4;;;-1;2;Autovettura privata;In marcia / fermata / arresto;Conducente;M;Illeso;0;;Non accertato;Inesistente